timeStamp,elapsed,label,responseCode,responseMessage,threadName,dataType,success,failureMessage,bytes,sentBytes,grpThreads,allThreads,URL,Latency,IdleTime,Connect
1601963476183,3175,home- Kaushalya,200,OK,My Thread Group 1-7,text,true,,32157,123,10,10,https://www.kaushalya.tech/,2941,0,2628
1601963476181,3175,home- Kaushalya,200,OK,My Thread Group 1-3,text,true,,32157,123,10,10,https://www.kaushalya.tech/,2935,0,2635
1601963476182,3175,home- Kaushalya,200,OK,My Thread Group 1-8,text,true,,32157,123,10,10,https://www.kaushalya.tech/,2932,0,2639
1601963476180,3182,home- Kaushalya,200,OK,My Thread Group 1-6,text,true,,32157,123,10,10,https://www.kaushalya.tech/,2939,0,2635
1601963476184,3182,home- Kaushalya,200,OK,My Thread Group 1-1,text,true,,32157,123,10,10,https://www.kaushalya.tech/,2934,0,2636
1601963476189,3178,home- Kaushalya,200,OK,My Thread Group 1-4,text,true,,32157,123,10,10,https://www.kaushalya.tech/,2923,0,2639
1601963476182,3190,home- Kaushalya,200,OK,My Thread Group 1-2,text,true,,32157,123,10,10,https://www.kaushalya.tech/,2935,0,2648
1601963476184,3218,home- Kaushalya,200,OK,My Thread Group 1-9,text,true,,32157,123,10,10,https://www.kaushalya.tech/,2943,0,2650
1601963476182,3225,home- Kaushalya,200,OK,My Thread Group 1-5,text,true,,32157,123,10,10,https://www.kaushalya.tech/,2949,0,2650
1601963476182,3228,home- Kaushalya,200,OK,My Thread Group 1-10,text,true,,32157,123,10,10,https://www.kaushalya.tech/,2954,0,2652
1601963479364,271,Aboutus,200,OK,My Thread Group 1-3,text,true,,15673,135,10,10,https://www.kaushalya.tech/aboutUs.html,271,0,0
1601963479364,272,Aboutus,200,OK,My Thread Group 1-6,text,true,,15673,135,10,10,https://www.kaushalya.tech/aboutUs.html,272,0,0
1601963479364,276,Aboutus,200,OK,My Thread Group 1-8,text,true,,15673,135,10,10,https://www.kaushalya.tech/aboutUs.html,276,0,0
1601963479365,278,Aboutus,200,OK,My Thread Group 1-7,text,true,,15673,135,10,10,https://www.kaushalya.tech/aboutUs.html,278,0,0
1601963479369,281,Aboutus,200,OK,My Thread Group 1-4,text,true,,15673,135,10,10,https://www.kaushalya.tech/aboutUs.html,281,0,0
1601963479368,282,Aboutus,200,OK,My Thread Group 1-1,text,true,,15673,135,10,10,https://www.kaushalya.tech/aboutUs.html,282,0,0
1601963479374,278,Aboutus,200,OK,My Thread Group 1-2,text,true,,15673,135,10,10,https://www.kaushalya.tech/aboutUs.html,278,0,0
1601963479404,277,Aboutus,200,OK,My Thread Group 1-9,text,true,,15673,135,10,10,https://www.kaushalya.tech/aboutUs.html,277,0,0
1601963479409,279,Aboutus,200,OK,My Thread Group 1-5,text,true,,15673,135,10,10,https://www.kaushalya.tech/aboutUs.html,279,0,0
1601963479412,280,Aboutus,200,OK,My Thread Group 1-10,text,true,,15673,135,10,10,https://www.kaushalya.tech/aboutUs.html,280,0,0
1601963479637,266,All Courses,200,OK,My Thread Group 1-6,text,true,,17954,137,10,10,https://www.kaushalya.tech/allCourse.html,264,0,0
1601963479636,269,All Courses,200,OK,My Thread Group 1-3,text,true,,17954,137,10,10,https://www.kaushalya.tech/allCourse.html,269,0,0
1601963479641,271,All Courses,200,OK,My Thread Group 1-8,text,true,,17954,137,8,8,https://www.kaushalya.tech/allCourse.html,271,0,0
1601963479643,280,All Courses,200,OK,My Thread Group 1-7,text,true,,17954,137,7,7,https://www.kaushalya.tech/allCourse.html,280,0,0
1601963479650,278,All Courses,200,OK,My Thread Group 1-1,text,true,,17954,137,6,6,https://www.kaushalya.tech/allCourse.html,278,0,0
1601963479650,281,All Courses,200,OK,My Thread Group 1-4,text,true,,17954,137,5,5,https://www.kaushalya.tech/allCourse.html,281,0,0
1601963479653,280,All Courses,200,OK,My Thread Group 1-2,text,true,,17954,137,4,4,https://www.kaushalya.tech/allCourse.html,279,0,0
1601963479681,282,All Courses,200,OK,My Thread Group 1-9,text,true,,17954,137,3,3,https://www.kaushalya.tech/allCourse.html,282,0,0
1601963479689,277,All Courses,200,OK,My Thread Group 1-5,text,true,,17954,137,2,2,https://www.kaushalya.tech/allCourse.html,277,0,0
1601963479693,280,All Courses,200,OK,My Thread Group 1-10,text,true,,17954,137,1,1,https://www.kaushalya.tech/allCourse.html,280,0,0
